#CODE;ENGLISH;FRENCH;GERMAN;;SPANISH;;;;;;;;;x

restore_roman_empire_as_italy;Restore [e_roman_empire.GetName];a;a;;a;;;;;;;;;x
restore_roman_empire_as_italy_desc;After getting our independence back from this phony "Holy Roman Empire", the true Roman Empire must be reclaimed and reestablished. This feat can only be achieved by the Italian people. Pax Romana awaits! Vivat diu Imperii Romani!;x;x;;x;;;;;;;;;x
italyromanempireTITLE.1;Italia United!;x;x;;x;;;;;;;;;x
italyromanempireDESC.1;Italia, the region where the mighty Roman Empire started, has finally been reunited under one ruler and state! All inhabitants of the region can now be at peace from the Arabs or Germans.\n\nMaybe it's finally time to reestablish the Empire of Augusti?\n\nTime will tell.;FRENCH;GERMAN;;SPANISH;;;;;;;;;x
italyromanempireoptionname.1;Il Risorgimento!;FRENCH;GERMAN;;SPANISH;;;;;;;;;x
italyromanempireTITLE.2;Galia Reclaimed!;FRENCH;GERMAN;;SPANISH;;;;;;;;;x
italyromanempireDESC.2;The lost Roman province of Galia where Caesar fought many battles, has finally submitted and has been reincorporated back to the rightful Roman rule! It will no longer suffer from the rule of false kings and emperors!;FRENCH;GERMAN;;SPANISH;;;;;;;;;x;FRENCH;GERMAN;;SPANISH;;;;;;;;;x
italyromanempireoptionname.2;Vivat diu Imperii Romani!;FRENCH;GERMAN;;SPANISH;;;;;;;;;x
italyromanempireTITLE.3;Hispania Reclaimed!;FRENCH;GERMAN;;SPANISH;;;;;;;;;x
italyromanempireDESC.3;As Pax Romana settles over the Iberian Region once more, the lost Roman Province of Hispania is now saved from the constant border conflicts of Catholic and Muslim lords.;FRENCH;GERMAN;;SPANISH;;;;;;;;;x
italyromanempireoptionname.3;Vivat diu Imperii Romani!;FRENCH;GERMAN;;SPANISH;;;;;;;;;x
italyromanempireTITLE.4;Mauretania Reclaimed!;FRENCH;GERMAN;;SPANISH;;;;;;;;;x
italyromanempireDESC.4;After centuries of false Arab rulers, Mauretania has been fully restored to the rightful rule of the Roman Empire. May the province prosper again!;FRENCH;GERMAN;;SPANISH;;;;;;;;;x
italyromanempireTITLE.5;Cyrenaica and Africa Reclaimed!;FRENCH;GERMAN;;SPANISH;;;;;;;;;x
italyromanempireDESC.5;Another former Roman provinces returns to its rightful ruler. The legions were again marching through the City of Carthage, our ancient enemy in proof that the history likes to repeat itself.;FRENCH;GERMAN;;SPANISH;;;;;;;;;x
italyromanempireTITLE.6;Aegyptus Reclaimed!;FRENCH;GERMAN;;SPANISH;;;;;;;;;x
italyromanempireDESC.6;The Roman rule has been restored to the people of the province of Aegyptus. With Arabs driven out of the province, The Land of the Pharaos can be reestablished as one of the cornerstones of the Empire!;FRENCH;GERMAN;;SPANISH;;;;;;;;;x
italyromanempireTITLE.7;Syria Palaestina Reclaimed!;FRENCH;GERMAN;;SPANISH;;;;;;;;;x
italyromanempireDESC.7;The ancient province of Syria Palaestina has finally been liberated from the clutches of heretic barbarians! A great triumph will be held for the brave heroes who accomplished this feat. May their names echo in eternity!;FRENCH;GERMAN;;SPANISH;;;;;;;;;x
italyromanempireTITLE.8;Germania Conquered!;FRENCH;GERMAN;;SPANISH;;;;;;;;;x
italyromanempireDESC.8;The bane of Roman armies and the whole Roman Empire, Germania has finally been defeated, pacified and incorporated into the Empire! It will now be ruled by the true continuation of the Roman State - not a false empire pretending at such.;FRENCH;GERMAN;;SPANISH;;;;;;;;;x
italyromanempireTITLE.9;Brittania Reclaimed!;FRENCH;GERMAN;;SPANISH;;;;;;;;;x
italyromanempireDESC.9;Bretons can at last rejoice as the Roman rule finally came back after the Roman garrisons abandoned the province in the 5th century. Pax Romana has finally been restored to their little island. They may consider themselves an Imperial subject once again.;FRENCH;GERMAN;;SPANISH;;;;;;;;;x
italyromanempireTITLE.10;Illyricum Reclaimed!;FRENCH;GERMAN;;SPANISH;;;;;;;;;x 
italyromanempireDESC.10;The former Roman province of Illyricum has finally been reclaimed by its rightful owner. With the whole Adriatic secured, we do not have to fear an invasion from the east.;FRENCH;GERMAN;;SPANISH;;;;;;;;;x
italyromanempireTITLE.11;Byzantium Conquered!;FRENCH;GERMAN;;SPANISH;;;;;;;;;x
italyromanempireDESC.11;Those Greek pretenders that call themselves "Romans", have finally been conquered by the real continuation of the Roman State! By accomplishing this feat, no nation will question our claim with being the only Roman Empire!;FRENCH;GERMAN;;SPANISH;;;;;;;;;x
italyromanempireTITLE.12;The Dawn of a New Era;FRENCH;GERMAN;;SPANISH;;;;;;;;;x
italyromanempireDESC.12;Friends, Romans, countrymen, lend me your ears! After the war for independence with the Germanic "Holy Roman Empire" and the recovery of territory lost centuries ago, the Roman Empire has been reborn! Europe has endured dark times since the imperial frontiers were stormed by barbarians and province after province burned at their touch, but now a bright new age has dawned for all of civilization.\n\nThe Roman State will no longer be referred to as the "Empire of the Greeks" as it was called for more than 600 years! The Roman Empire has been restored by the true heirs of the Empire, the Italian people!;FRENCH;GERMAN;;SPANISH;;;;;;;;;x
italyromanempireTITLE.13;The Second Age of True Rome;FRENCH;GERMAN;;SPANISH;;;;;;;;;x
italyromanempireDESC.13;The Italians, have somehow managed to reclaim enough lost territory to declare the Roman Empire restored! It can no longer be denied that they are the true successors of Rome and its glorious legacy. They claim a new era is upon us.;FRENCH;GERMAN;;SPANISH;;;;;;;;;x
italyromanempireoptionbtriumph.14;A brief ovation should be enough.;FRENCH;GERMAN;;SPANISH;;;;;;;;;x
italyromanempireoption.15;A mighty triumph is held to celebrate the brave generals and soldiers who brought defeat to the enemies of the Empire. The people cheer as trumpeters lead a long procession that includes parading soldiers, carts filled with the spoils of war and cages holding captives from the recent campaign.;FRENCH;GERMAN;;SPANISH;;;;;;;;;x
italyromanempireDESC.16;The [Root.Liege.GetTitle] has commanded that a triumph be held to celebrate the brave soldiers responsible for the Empire's recent victory. The people cheer as trumpeters lead a long procession that includes parading soldiers, carts filled with the spoils of war and cages holding captives from the recent campaign.;FRENCH;GERMAN;;SPANISH;;;;;;;;;x
italyromanempireDESC.15;A mighty triumph is held to celebrate the brave generals and soldiers who brought defeat to the enemies of the Empire. The people cheer as trumpeters lead a long procession that includes parading soldiers, carts filled with the spoils of war and cages holding captives from the recent campaign.;FRENCH;GERMAN;;SPANISH;;;;;;;;;x